Refactoring,Copy-editing,Wikification,Point of View,Fact Update,Simplification,Elaboration,Verifiability,Clarification,Unlabeled,Counter-vandalism,Vandalism,Process,Disambiguation
,"Entitled ""It Feels Like Home (Re Invented) Tour 2011"", it contained his songs and remakes of Alliage hits. 

Entitled ""It Feels Like Home (Re Invented) Tour 2011"", it included many remakes of Alliage hits as well as some of his newer songs. ",,,"He married Margaret Frances Prowse Shaw in Sydney in 1874.

He married Margaret Frances Prowse Shaw in Sydney in 1871.",,"Krishna attended Dartmouth College where she was a double major in government and French.

Krishna attended Dartmouth College where she was a double major in government and French and graduated in the class of ’13.",,,,,,,
,,,,,,,,,,,,,
,,,,,,,,,,,,,
,,,,,,,,,,,,,
,,,,,,,,,,,,,
,,,,,,,,,,,,,
,,,,,,,,,,,,,
,,,,,,,,,,,,,
,,,,,,,,,,,,,
,,,,å,,,,,,,,,
